{"cameraMode":{"drawMode":0,"name":"Shaded","section":"Shading Mode"},"sceneLighting":true,"audioPlay":false,"sceneViewState":{"showFog":true,"showMaterialUpdate":false,"showSkybox":true,"showFlares":true,"showImageEffects":true,"showParticleSystems":true},"in2DMode":false,"pivot":{"x":-2.6133859157562258,"y":-34.095767974853519,"z":16.9259090423584},"rotation":{"x":-0.4712649881839752,"y":0.01747669093310833,"z":-0.009438317269086838,"w":-0.8818154335021973},"size":152.91427612304688,"orthographic":false}