{"cameraMode":{"drawMode":0,"name":"Shaded","section":"Shading Mode"},"sceneLighting":true,"audioPlay":false,"sceneViewState":{"showFog":true,"showMaterialUpdate":false,"showSkybox":true,"showFlares":true,"showImageEffects":true,"showParticleSystems":true},"in2DMode":false,"pivot":{"x":2.1714870929718019,"y":1.0833333730697632,"z":-17.965229034423829},"rotation":{"x":-0.5375114679336548,"y":-0.2202472686767578,"z":0.14782437682151795,"w":-0.8004944920539856},"size":22.45865249633789,"orthographic":false}