{"cameraMode":{"drawMode":0,"name":"Shaded","section":"Shading Mode"},"sceneLighting":true,"audioPlay":false,"sceneViewState":{"showFog":true,"showMaterialUpdate":false,"showSkybox":true,"showFlares":true,"showImageEffects":true,"showParticleSystems":true},"in2DMode":false,"pivot":{"x":9.362591743469239,"y":-18.48381805419922,"z":3.281017541885376},"rotation":{"x":-0.2517978250980377,"y":-0.7472118139266968,"z":0.41089245676994326,"w":-0.45772799849510195},"size":81.4967041015625,"orthographic":false}