{"cameraMode":{"drawMode":0,"name":"Shaded","section":"Shading Mode"},"sceneLighting":true,"audioPlay":false,"sceneViewState":{"showFog":true,"showMaterialUpdate":false,"showSkybox":true,"showFlares":true,"showImageEffects":true,"showParticleSystems":true},"in2DMode":false,"pivot":{"x":-12.585147857666016,"y":0.9485421180725098,"z":6.15976095199585},"rotation":{"x":0.1992705911397934,"y":-0.7719080448150635,"z":0.29086360335350039,"w":0.5290755033493042},"size":5.716644763946533,"orthographic":false}